{"schemaVersion":"1.0","appDefinitionTemplate":{"id":"/providers/Microsoft.PowerApps/apps/","type":"Microsoft.PowerApps/apps","tags":{"primaryDeviceWidth":"1366","primaryDeviceHeight":"768","sienaVersion":"20220105T123753Z-3.21115.37.0","deviceCapabilities":"","supportsPortrait":"true","supportsLandscape":"true","primaryFormFactor":"Tablet","publisherVersion":"3.21115.37","minimumRequiredApiVersion":"2.2.0","hasComponent":"false","hasUnlockedComponent":"false","isUnifiedRootApp":"false"},"properties":{"appVersion":"2022-01-05T12:37:53Z","lifeCycleId":"Published","createdByClientVersion":{"major":3,"minor":21115,"build":37,"revision":0,"majorRevision":0,"minorRevision":0},"minClientVersion":{"major":3,"minor":21115,"build":37,"revision":0,"majorRevision":0,"minorRevision":0},"backgroundColor":"RGBA(0,176,240,1)","backgroundImageUri":"/6950300679388054329/N5cad14bf-ed59-40df-885b-7652443dcadf-logoSmallFile","displayName":"Rubiks Cube","description":"","commitMessage":"","appUris":{"documentUri":{"value":"/6950300679388054329/N975e3887-c43c-4cce-8387-baa516e8b3fb-document.msapp"},"imageUris":[]},"createdTime":"0001-01-01T00:00:00Z","lastModifiedTime":"0001-01-01T00:00:00Z","sharedGroupsCount":0,"sharedUsersCount":0,"icons":{"smallIconUri":"/6950300679388054329/Nc5fd4297-d927-45c7-b9d6-3e80e51cd1e2-small.png","mediumIconUri":"/6950300679388054329/N289e00a0-1433-44c6-bf31-3db041b90700-medium.png","largeIconUri":"/6950300679388054329/Neae332c5-6ee5-42b0-b9da-70fafcdabc7b-large.png","wideIconUri":"/6950300679388054329/Nd5aff190-8496-4b1c-8c06-9592bb56c7ae-wide.png"},"connectionReferences":{},"databaseReferences":{},"almMode":"Environment","performanceOptimizationEnabled":true,"canConsumeAppPass":true,"executionRestrictions":{"isTeamsOnly":false,"dataLossPreventionEvaluationResult":{"status":"Compliant","lastEvaluationDate":"2022-01-05T12:38:08.5796124Z","violations":[],"violationsByPolicy":[],"violationErrorMessage":"The app uses the following connectors: ."}}},"appType":"ClassicCanvasApp","appComponents":[]}}